Model,MAE,RMSE,R2
Linear Regression,5.099952471,6.37559486,0.856657243
Decision Tree,7.084210526,8.632862549,0.737188732
Random Forest,5.694761905,6.966909667,0.828835109
XGBoost,5.936469449,7.393820761,0.807215452
